<?xml version="1.0" encoding="UTF-8"?>
<!DOCTYPE hibernate-configuration PUBLIC
        "-//Hibernate/Hibernate Configuration DTD 3.0//EN"
        "http://hibernate.org/dtd/hibernate-configuration-3.0.dtd">
        
<hibernate-configuration>
    <session-factory>
        <property name="hibernate.connection.driver_class">net.sourceforge.jtds.jdbc.Driver</property>
        <property name="hibernate.connection.url">jdbc:jtds:sqlserver://localhost:1433/HIBERNATE;instance=SQLEXPRESS</property>
        <property name="hibernate.connection.username">sa</property>
        <property name="hibernate.connection.password">Temporal22</property>
        <property name="hibernate.connection.pool_size">2</property>
        <property name="hibernate.current_session_context_class">thread</property>
        <property name="hibernate.show_sql">true</property>
        <property name="hibernate.dialect">org.hibernate.dialect.SQLServerDialect</property>
        <property name="hibernate.cache.use_query_cache">true</property>
        <property name="hibernate.cache.region.factory_class">org.hibernate.cache.jcache.JCacheRegionFactory</property>
        <property name="hibernate.javax.cache.provider">org.ehcache.jsr107.EhcacheCachingProvider</property>
        <property name="hibernate.hbm2ddl.auto">update</property>
        <property name="hibernate.hbm2ddl.import_files">aficiones.sql</property>
        
        <!-- Mapeo de entidades -->
         <mapping class="es.aytos.HibernateDual.modelo.Persona"/>

        
    </session-factory>
</hibernate-configuration>